{
  "cpu": {
    "model": "142",
    "cores": 8,
    "usage": 6.8948288541430145
  },
  "memory": {
    "total": 7.599758148193359,
    "used": 7.23095703125,
    "free": 0.3688011169433594
  },
  "disk": {
    "total": null,
    "used": null,
    "free": null
  }
}